{"cameraMode":{"drawMode":0,"name":"Shaded","section":"Shading Mode"},"sceneLighting":false,"audioPlay":false,"sceneViewState":{"showFog":true,"showMaterialUpdate":false,"showSkybox":false,"showFlares":true,"showImageEffects":true,"showParticleSystems":true,"showVisualEffectGraphs":true,"m_FxEnabled":true},"in2DMode":false,"pivot":{"x":0.027586936950683595,"y":-1.0004454851150513,"z":3.510866165161133},"rotation":{"x":0.09639385342597962,"y":-0.8793399333953857,"z":0.20154480636119843,"w":0.4205521047115326},"size":2.4247448444366457,"orthographic":false}