{"cameraMode":{"drawMode":0,"name":"Shaded","section":"Shading Mode"},"sceneLighting":false,"audioPlay":false,"sceneViewState":{"showFog":true,"showMaterialUpdate":false,"showSkybox":false,"showFlares":true,"showImageEffects":true,"showParticleSystems":true,"showVisualEffectGraphs":true,"m_FxEnabled":true},"in2DMode":false,"pivot":{"x":1.6309728622436524,"y":2.5399999618530275,"z":1.0299391746520997},"rotation":{"x":0.14372682571411134,"y":-0.6339834928512573,"z":0.12147150188684464,"w":0.7501122355461121},"size":1.2247447967529297,"orthographic":false}