{"cameraMode":{"drawMode":0,"name":"Shaded","section":"Shading Mode"},"sceneLighting":false,"audioPlay":false,"sceneViewState":{"showFog":true,"showMaterialUpdate":false,"showSkybox":false,"showFlares":true,"showImageEffects":true,"showParticleSystems":true,"showVisualEffectGraphs":true,"m_FxEnabled":true},"in2DMode":false,"pivot":{"x":6.042975425720215,"y":-7.946002006530762,"z":-18.366291046142579},"rotation":{"x":-0.0004803254269063473,"y":0.9824496507644653,"z":-0.18671298027038575,"w":-0.002407192951068282},"size":10.394454956054688,"orthographic":false}