{"cameraMode":{"drawMode":0,"name":"Shaded","section":"Shading Mode"},"sceneLighting":false,"audioPlay":false,"sceneViewState":{"showFog":true,"showMaterialUpdate":false,"showSkybox":false,"showFlares":true,"showImageEffects":true,"showParticleSystems":true,"showVisualEffectGraphs":true,"m_FxEnabled":true},"in2DMode":false,"pivot":{"x":0.527154803276062,"y":3.4538211822509767,"z":-0.028636932373046876},"rotation":{"x":0.0020545802544802429,"y":0.9929313063621521,"z":0.017571303993463517,"w":-0.11766809225082398},"size":4.941482067108154,"orthographic":false}