{"cameraMode":{"drawMode":0,"name":"Shaded","section":"Shading Mode"},"sceneLighting":false,"audioPlay":false,"sceneViewState":{"showFog":true,"showMaterialUpdate":false,"showSkybox":false,"showFlares":true,"showImageEffects":true,"showParticleSystems":true,"showVisualEffectGraphs":true,"m_FxEnabled":true},"in2DMode":false,"pivot":{"x":0.0947912335395813,"y":-0.1520165205001831,"z":0.00948229432106018},"rotation":{"x":-0.35189905762672427,"y":0.37918326258659365,"z":-0.15866927802562715,"w":-0.8409586548805237},"size":0.8310996294021606,"orthographic":false}