{"cameraMode":{"drawMode":0,"name":"Shaded","section":"Shading Mode"},"sceneLighting":true,"audioPlay":false,"sceneViewState":{"showFog":true,"showMaterialUpdate":false,"showSkybox":false,"showFlares":true,"showImageEffects":true,"showParticleSystems":true,"showVisualEffectGraphs":true,"m_FxEnabled":true},"in2DMode":false,"pivot":{"x":970.320556640625,"y":540.96923828125,"z":0.15715742111206056},"rotation":{"x":-0.03564675524830818,"y":0.039122626185417178,"z":-0.0008237725123763084,"w":-0.9986337423324585},"size":4.9965925216674809,"orthographic":false}