{"cameraMode":{"drawMode":0,"name":"Shaded","section":"Shading Mode"},"sceneLighting":true,"audioPlay":false,"sceneViewState":{"showFog":true,"showMaterialUpdate":false,"showSkybox":false,"showFlares":true,"showImageEffects":true,"showParticleSystems":true,"showVisualEffectGraphs":true,"m_FxEnabled":true},"in2DMode":false,"pivot":{"x":6.104513645172119,"y":-8.48971939086914,"z":2.8316116333007814},"rotation":{"x":0.05575842410326004,"y":-0.003581536002457142,"z":0.0002004550478886813,"w":0.998438835144043},"size":16.775314331054689,"orthographic":false}