{"cameraMode":{"drawMode":0,"name":"Shaded","section":"Shading Mode"},"sceneLighting":true,"audioPlay":false,"sceneViewState":{"showFog":true,"showMaterialUpdate":false,"showSkybox":true,"showFlares":true,"showImageEffects":true,"showParticleSystems":true,"showVisualEffectGraphs":true,"m_FxEnabled":true},"in2DMode":false,"pivot":{"x":-3.4445629119873049,"y":-181.47300720214845,"z":965.9049072265625},"rotation":{"x":0.09245888888835907,"y":0.005483617540448904,"z":0.0023152234498411419,"w":0.9957183599472046},"size":596.5106811523438,"orthographic":false}