{"cameraMode":{"drawMode":0,"name":"Shaded","section":"Shading Mode"},"sceneLighting":false,"audioPlay":false,"sceneViewState":{"showFog":true,"showMaterialUpdate":false,"showSkybox":false,"showFlares":true,"showImageEffects":true,"showParticleSystems":true,"showVisualEffectGraphs":true,"m_FxEnabled":true},"in2DMode":false,"pivot":{"x":1.357243537902832,"y":-0.44877517223358157,"z":0.16999083757400514},"rotation":{"x":0.1340787410736084,"y":0.7549927830696106,"z":-0.16413377225399018,"w":0.6205614805221558},"size":1.3090331554412842,"orthographic":false}