{"cameraMode":{"drawMode":0,"name":"Shaded","section":"Shading Mode"},"sceneLighting":true,"audioPlay":false,"sceneViewState":{"showFog":true,"showMaterialUpdate":false,"showSkybox":false,"showFlares":true,"showImageEffects":true,"showParticleSystems":true,"showVisualEffectGraphs":true,"m_FxEnabled":true},"in2DMode":false,"pivot":{"x":21.812673568725587,"y":-15.516902923583985,"z":6.996921539306641},"rotation":{"x":0.025161057710647584,"y":0.038607146590948108,"z":0.0018078305292874575,"w":0.9989415407180786},"size":35.97705078125,"orthographic":false}