{"cameraMode":{"drawMode":0,"name":"Shaded","section":"Shading Mode"},"sceneLighting":false,"audioPlay":false,"sceneViewState":{"showFog":true,"showMaterialUpdate":false,"showSkybox":false,"showFlares":true,"showImageEffects":true,"showParticleSystems":true,"showVisualEffectGraphs":true,"m_FxEnabled":true},"in2DMode":false,"pivot":{"x":0.043518900871276858,"y":0.05002570152282715,"z":0.1726859211921692},"rotation":{"x":0.13196241855621339,"y":0.7132890820503235,"z":-0.1406172215938568,"w":0.6738390922546387},"size":0.6986147165298462,"orthographic":false}